Analyte 1,Analyte 2,Analyte 3
33,3,1
30,44,2
27.5,5,3
25.38461538,6,4
23.57142857,7,5
22,8,6
20.625,99,7
19.41176471,2,8
18.33333333,3,9
17.36842105,3,9
